제목,작가,연재상태
가담항설,랑또,목요웹툰
가비지타임,2사장,일요웹툰
가우스전자 시즌1~2,곽백수,2012 05 완결
가우스전자 시즌3~4,곽백수,월요웹툰
가족사진,정병식,2010 01 완결
간 떨어지는 동거,나,목요웹툰
간질간질,손하은,2018 10 완결
감염자,이강,2016 04 완결
갓 오브 하이스쿨,박용제,금요웹툰
갓핑크,이상신 / 국중록,토요웹툰
강변살다,박윤영,2013 09 완결
강시대소동,주동근,2012 09 완결
같은도장,이힝,월요웹툰
개를 낳았다,이선,금요웹툰
개장수,김규삼,수요웹툰
개판,현욱,2011 02 완결
개편 축하 릴레이 카툰,네이버웹툰작가,2008 11 완결
갸오오와 사랑꾼들,갸오오,2016 02 완결
거상 김만덕,신지상 / 오은지,2010 12 완결
걸어서 30분,이온도,금요웹툰
검은인간,이저녁,일요웹툰
겟백,세윤,목요웹툰
겨울동화,심윤수,2010 03 완결
격기3반,이학,수요웹툰
격투기특성화사립고교 극지고,허일,2011 12 완결
견우와 직녀,유리아,2010 10 완결
결계녀,김태경,2019 05 완결
경운기를 탄 왕자님,무적핑크,2013 04 완결
계룡선녀전,돌배,2017 03 완결
고(故)길창덕화백 추모웹툰,웹툰작가,2010 02 완결
고(故)노무현 前대통령 추모웹툰,웹툰작가,2009 05 완결
고고고,정은경 / 하일권,2015 11 완결
고고루키루,한경찰,2013 12 완결
고교생을 환불해 주세요,Croissant,수요웹툰
고류 진,바른꽃,2018 07 완결
고민툰,쥬니,2017 11 완결
고삼무쌍,B급달궁 / 하마,수요웹툰
고삼이 집나갔다,미티,2011 12 완결
고수,류기운 / 문정후,2018 12 완결
고시생툰,seri,2012 04 완결
고인돌나라의 야물,김병수 / 김정수,2010 03 완결
고인의 명복,조주희 / 유노,토요웹툰
고향의꽃,한(恨),2008 06 완결
골든 체인지,브림스,금요웹툰
골방환상곡,워니 / 심윤수,2008 12 완결
공감.jpg,임총,2017 10 완결
공대생 너무만화,최삡뺩,2016 06 완결
공복의 저녁식사,김계란,토요웹툰
공부하기 좋은 날,황준호,2010 11 완결
공주는 잠 못 이루고,하가,2015 07 완결
괴물신부,임은 / 살모니티 / 스테익,일요웹툰
교환일기,한끼룩,월요웹툰
구구까까,혜니,2019 04 완결
구름의 노래,호랑,2010 06 완결
구름의 이동속도,김이랑,2016 11 완결
구름이 피워낸 꽃,비온후,일요웹툰
구석구석캠페인,네이버 웹툰 작가,2008 03 완결
국가의 탄생,고리타,2010 08 완결
국립자유경제 고등학교 세실고,양혜석 / 타파리,2013 06 완결
국립자유경제고등학교 세실고 2학기,양혜석 / 이현지,2014 07 완결
군인RPG,십박,2017 05 완결
굿모닝 보스,김진태,2016 12 완결
굿모닝 스페이스,이수정,2011 08 완결
권번기생 비밀의 기억,조원행,2010 03 완결
귀각시,세정,2016 08 완결
귀곡의 문,삼촌,수요웹툰
귀도,주동근,2016 10 완결
귀도호가록,이수민,2018 11 완결
귀인,정연식 / 황진영,월요웹툰
귀전구담,QTT,2017 12 완결
그 판타지 세계에서 사는 법,촌장,수요웹툰
그날의 생존자들,김선권,2013 06 완결
그녀는 흡!혈귀,정성완,2012 11 완결
그들에게 사면초가,소이,2018 03 완결
그래서 나는 안티팬과 결혼했다,재림,수요웹툰
그랜드 배틀 토너먼트,강냉이,목요웹툰
그런지,김이랑,2012 04 완결
그린보이,정재한 / 임진국,2013 05 완결
그린스마일,권혁주,2009 07 완결
극야,운 / 한 큰빛,일요웹툰
금붕어,명랑 / 애풍,금요웹툰
금수저,HD3,2016 07 완결
금요일 베스트,배진수,목요웹툰
기기괴괴,오성대,목요웹툰
기로,구들,2018 04 완결
기사도,환쟁이,2012 06 완결
기적! 우리에게 일어난 일들,태발,2013 03 완결
기타맨,손규호,2013 06 완결
기태류,배드이리,2013 11 완결
길에서 만나다,쥬드 프라이데이,2011 07 완결
까뱅,X-TEAM,2007 02 완결
까치우는 날,누비,2011 09 완결
꼬리,공현곤,2019 05 완결
꽃 피는 날,두루,일요웹툰
꽃가족,이상신 / 국중록,2012 11 완결
꽃미남 저승사자,"사지현, 히어리 / 쌍필",금요웹툰
꽃밭에솔,209,2013 02 완결
꿀벌과 아카시아,잔스,화요웹툰
꿈의 기업,문지현,월요웹툰
나노리스트,민송아,2016 04 완결
나는 귀머거리다,라일라,2017 07 완결
나는 남 너는 녀,녹밤,2019 05 완결
나는 너를 보았다,모래인간 / 티오비,2014 07 완결
나는 어디에 있는 거니,서나래,2009 10 완결
나란의사 그런의사,유성연,2011 10 완결
나의 목소리를 들어라,이현민,2012 12 완결
나의 짝사랑 고백법,해미,2018 12 완결
나이트런,김성민,토요웹툰
낚시신공,귀귀,2015 04 완결
날 가져요,원펀치래빗,목요웹툰
날로 먹는 연애,정혜영,2016 03 완결
낢 부럽지 않은 신혼여행기,서나래,2015 05 완결
낢에게와요,서나래,2010 07 완결
낢이사는이야기,서나래,2015 12 완결
남과 여,혀노,2014 09 완결
남기한엘리트만들기,미티,2009 03 완결
낮에 뜨는 달,헤윰,2013 07 완결
내 ID는 강남미인!,기맹기,2016 06 완결
내 ID는 강남미인! - 둘만의 시간,기맹기,2018 07 완결
내 어린고양이와 늙은개 (재),초,월요웹툰
내 여자친구는 상남자,맛스타,월요웹툰
내가 결혼할 때까지,노란구미,2009 03 완결
내일,라마,일요웹툰
내일은 럭키곰스타,김풍,2009 01 완결
내일은 웹툰,신의철,2013 04 완결
냐한남자,올소,금요웹툰
냥하무인,박성현,일요웹툰
너와 너 사이,오지혜,2014 05 완결
네가 없는 세상,시니 / 혀노,2013 09 완결
네로의 실험실,외눈박이 / 시현,2012 10 완결
네버랜 연대기,박현수,2018 04 완결
네이버 앱피소드,웹툰작가,2012 11 완결
노곤하개,홍끼,화요웹툰
노네임드(NoNameD),문지현,2012 07 완결
노블레스,손제호 / 이광수,2008 04 완결
녹두전,혜진양,2015 01 완결
놓정동화,신태훈 / 나승훈,2016 06 완결
놓지마 정신줄,신태훈 / 나승훈,2016 07 완결
놓지마 정신줄 시즌2,신태훈 / 나승훈,화요웹툰
늑대와 빨간모자,슈안,토요웹툰
늘 푸른 찻집,고병준 / 제뉴,2014 03 완결
니편내편,미티,월요웹툰
다욤이의 다이어트 다이어리,"아키, 심윤수 / 심윤수",2011 10 완결
다이스(DICE),윤현석,일요웹툰
닥터 프로스트,이종범,2011 04 완결
닥터 프로스트 시즌3,이종범,2016 03 완결
닥터 하운드,아루아니 / 레임,월요웹툰
단군할배요,호연,2011 09 완결
단편 할머니/나는내일죽는다,태발,2011 09 완결
달수 이야기,산삼,2015 03 완결
달콤한 인생,이동건,2013 04 완결
달콤한 인생_스페셜 에피소드,이동건,2017 11 완결
닭통령 계양반,미티,2012 11 완결
당신만 몰라!,유리아,2012 08 완결
대작,범우,2016 04 완결
대표님이 구독하셨습니다,신지원 / 한혜린,금요웹툰
대학일기,자까,2019 03 완결
더 게이머,성상영 / 상아,금요웹툰
데드데이즈(DEAD DAYS),DEY,2014 09 완결
데드라이프,후렛샤 / 임진국,월요웹툰
데모니악,후렛샤 / 김홍태,2017 03 완결
데우스 엑스 마키나,꼬마비,일요웹툰
덴마,양영순,화요웹툰
도망자,신영우,일요웹툰
도자기,호연,2007 09 완결
독신으로 살겠다,선정성,2013 06 완결
돌아온 럭키짱,김성모,2012 07 완결
동경소녀,로보타 / 김가륜,2010 12 완결
동네변호사 조들호 시즌1,해츨링,2013 05 완결
동네변호사 조들호 시즌2,해츨링,2016 05 완결
동토의 여명,김정휘,토요웹툰
돼지만화,돼지작가,화요웹툰
돼지우리,김칸비 / 천범식,일요웹툰
두근거려요,뚱땡이냐옹이,2015 09 완결
두근두근 마감 중,연두 / 송이,토요웹툰
두근두근두근거려,하일권,2009 06 완결
둥굴레차!,기라3,일요웹툰
드래곤레시피,ELDO / 엽,2014 07 완결
딥(DEEP),토우 / 김태헌,2014 09 완결
땅 보고 걷는 아이,다온,화요웹툰
뜨거운 것이 좋아.,고민정,2012 03 완결
라스트 서브미션,이행복,금요웹툰
라이징패스트볼,박현수,2014 01 완결
라크리모사,임인스,2015 11 완결
랜덤채팅의 그녀!,박은혁,화요웹툰
러브슬립,오창호,2013 04 완결
러브슬립 2부,오창호,2016 11 완결
러브판타지페이퍼,단우,2008 05 완결
레드돌,최윤열,2016 05 완결
레드초콜릿,정기림 / 편현아,2011 10 완결
레드카펫,임진국,2014 02 완결
레사 시즌2~3,POGO,수요웹툰
레사(lessa),POGO,2013 08 완결
레인보우 로즈,김예린 / 장유라,2013 09 완결
레코닝,이혜,2016 03 완결
로베스의 완전감각,정샛별,수요웹툰
로봇빠찌,김상욱,2009 09 완결
롤랑롤랑,자유,목요웹툰
리버스,임달영 / 이수현,2011 09 완결
리얼주주,손태규,2015 11 완결
리즌,이익수,2013 10 완결
리턴,송래현,2011 04 완결
링크보이,광진 / 두엽,월요웹툰
마녀사냥,박소,2014 06 완결
마루한 - 구현동화전,박성우,2017 09 완결
마법스크롤 상인 지오,엄재경 / 호패,일요웹툰
마술사,김세래,2018 02 완결
마스크걸,매미 / 희세,2015 10 완결
마야고,후렛샤 / 김홍태,2015 09 완결
마왕이 되는 중2야,38,월요웹툰
마음의 숙제,고아라,토요웹툰
마음의소리,조석,화요웹툰
마이너스의 손,김뎐,2018 10 완결
마주쳤다,하일권 X 네이버웹툰,2018 01 완결
만 화 고,김8,2018 10 완결
만렙소녀 오오라,김규삼,2016 11 완결
만화사랑 캠페인,웹툰작가,2012 01 완결
맘마미안,미티 / 구구,일요웹툰
맛집남녀,츄플엣지,2013 12 완결
매지컬 고삼즈,seri / 비완,2014 02 완결
머니게임,배진수,토요웹툰
머리카락을 뽑으면,이다몽,토요웹툰
먹이,외눈박이 / 박수봉,토요웹툰
멍순이,김달님,2011 06 완결
멜로홀릭,팀겟네임,2010 05 완결
모던패밀리,외눈박이 / 시현,2014 03 완결
모던패밀리 2,외눈박이 / 시현,2016 06 완결
모두에게 완자가,완자,2015 02 완결
모디파이,임달영 / 이수현,2014 10 완결
모죠의 일지,모죠,수요웹툰
모태솔로수용소,석재윤,2014 07 완결
모태솔로수용소 시즌2~3,석재윤,2016 01 완결
모퉁이 뜨개방,소영,목요웹툰
목욕의 신 (재),하일권,2017 07 완결
몽연,김종진,금요웹툰
몽타주,단우,2009 11 완결
몽홀,장태산,금요웹툰
무모협지,초신우,목요웹툰
무주의 맹시,마누비,일요웹툰
무한도전 릴레이툰,무한도전&웹툰작가,2016 07 완결
무한동력,주호민,2012 10 완결
묵회,한나,2011 06 완결
문래빗,이난,화요웹툰
문아,팬마,2015 05 완결
문유,조석,2016 07 완결
므시미르,"김태형,백재환",2010 03 완결
미결,꼬마비,2014 01 완결
미드나잇 체이서,석재윤,목요웹툰
미라클! 용사님,정하,2015 06 완결
미래소녀,황준호,2015 06 완결
미선 임파서블,이수민,2013 06 완결
미숙한 친구는 G구인,최삡뺩,2012 04 완결
미스터리 호러 지하철 (재),단우,2017 10 완결
미시령,모코넛,수요웹툰
미쳐 날뛰는 생활툰,Song,2014 11 완결
미호이야기,혜진양,2010 08 완결
바나나걸,김진태,2005 12 완결
바람의 색,재아 / 임광묵,2013 09 완결
바람이 머무는 난,신월,2012 04 완결
바로잡는 순애보,이채영,2017 04 완결
바른연애 길잡이,남수,화요웹툰
바이올린처럼.,김윤주,2011 05 완결
반월,judys / Renton,2010 04 완결
반지의제왕,이문희,2008 12 완결
반투명인간,마인드C / 김명현,2018 12 완결
밥 먹고 갈래요?,오묘,금요웹툰
밥풀때기,Dylan / DanBrave,2016 09 완결
방 안의 코끼리,고요,목요웹툰
방과 후 전쟁활동,하일권,2012 12 완결
방백남녀,고태호,2019 02 완결
방울토마토,조양,2012 10 완결
백귀야행지,아만(阿慢),목요웹툰
뱀이 앉은 자리,김이연,2017 05 완결
뱀파이어,오세형,2013 09 완결
뱀파이어의 꽃,불사,월요웹툰
뱀피르,카인 / 12B,2016 06 완결
버그,해마 / 송지형,금요웹툰
버닝헬,윤인완 / 양경일,2015 05 완결
버퍼링,최홍준,2014 07 완결
버프소녀 오오라,김규삼,2012 12 완결
번개기동대 2009,박성진 / 임성훈,2009 09 완결
번데기스,김경호,2009 09 완결
별의 유언,후은,2010 12 완결
병의 기록,베어리,목요웹툰
병의 맛,하일권,2018 08 완결
보톡스,황미나,2009 06 완결
복학왕,기안84,수요웹툰
봄이여 오라,샐비,2012 02 완결
봉봉오쇼콜라,오성대,2011 04 완결
부로콜리왕자,산삼,월요웹툰
부부생활,써니사이드업,2017 06 완결
부토,정현주,2012 04 완결
부활남,채용택 / 김재한,토요웹툰
불괴,폭주필 / 폭주작,2018 11 완결
불량 뱀파이어,이유정,2009 06 완결
불만시대,김8,2015 06 완결
붉은 실,동비,2014 07 완결
뷰티풀 군바리,설이 / 윤성원,월요웹툰
뷰티플 게임,박능출 / 박준규,2011 06 완결
블라인드,단테 / 김홍선,2010 03 완결
블라인드 메르헨,윤현석 / 연우,2011 10 완결
블랙수트,박세준 / 차용운,2016 08 완결
블랙시저스,유령,2015 08 완결
블랙엔젤,meen / 이동현,화요웹툰
비둘기가 물고 온 남자,김달님,2019 03 완결
비바 산티아고,김용진,2012 02 완결
비질란테,CRG / 김규삼,토요웹툰
비흔,정재한 / 황영찬,2013 05 완결
빙의,후렛샤 / 김홍태,2014 09 완결
빙탕후루,장희 / 주호민,화요웹툰
빨간책,랑또,2015 04 완결
빵점동맹,마사토끼 / joana,2012 09 완결
사냥개들,정회주,금요웹툰
사노라면,네이버 웹툰 작가,2009 06 완결
사또(Satto),최윤진,2013 01 완결
사라지다,김선우,2019 04 완결
사랑in,전세훈,2005 12 완결
사랑을 연기하다,김작가 / 유성연,2013 02 완결
사랑의 아쿠아리움,TGM / 린다,2013 09 완결
사랑의 외계인,김이랑,2013 02 완결
사랑일까?,남지은 / 김인호,2012 09 완결
사우러스,이노,금요웹툰
사이드킥,신의철,2015 02 완결
사이드킥 2~3,신의철,화요웹툰
살人스타그램,령,토요웹툰
살인자o난감 (재),꼬마비 / 노마비,화요웹툰
삵의 발톱,손영완,2010 01 완결
삶이 우리를 속일지라도,김지수,월요웹툰
삼국전투기,최훈,2007 01 완결
삼국지톡,무적핑크 / 이리,화요웹툰
삼봉이발소,하일권,2012 04 완결
상중하,한(恨),2015 10 완결
새끼손가락,이익수,2009 10 완결
새벽9시,서재일,2012 11 완결
새와 같이,후은,2013 04 완결
색으로 말하다,요한 / 김혜진,2010 03 완결
샌프란시스코 화랑관,돌배,2013 12 완결
생활의참견,김양수,2017 09 완결
섀도우,유느지 / 해진,2014 07 완결
서북의 저승사자,양세준,2015 08 완결
선천적 얼간이들 (재),가스파드,2018 02 완결
성공한 덕후,옛사람,수요웹툰
세개의시간,노란구미,2008 01 완결
세상은 돈과 권력,한동우 / 이도희,수요웹툰
소곤소곤,옛사람,2016 05 완결
소나기야,와루,2014 01 완결
소녀 연대기,지님,금요웹툰
소녀더와일즈,HUN / 제나,2011 10 완결
소녀의 세계,모랑지,월요웹툰
소년들은 무엇을 하고 있을까,컷부,2014 11 완결
소년전[Limit],라디야,2013 06 완결
소설가J,오성대,2009 12 완결
소울카르텔,하람 / 김영지,2012 07 완결
소유,한(恨),목요웹툰
속삭이는 e로맨스,최경아,일요웹툰
손의 흔적,유성연,2015 03 완결
송곳 1~3부,최규석,2014 01 완결
송곳 4~5부,최규석,2015 08 완결
수사9단,김선권,2006 01 완결
수업시간그녀,박수봉,2013 05 완결
수학 잘하는 법,하비영,2019 04 완결
숨:킬더바디,이재헌 / 김태순,토요웹툰
숲 속의 미마,후은,2015 02 완결
슈퍼 시크릿,이온,2015 06 완결
슈퍼트리오,황미나,2009 02 완결
슈퍼트리오 시즌2,황미나,2011 08 완결
"스마일 브러시, 오래된 사진.",와루,2011 07 완결
스마일브러시,와루,2010 06 완결
스마트폰 게임 개발 이야기,유영욱,2012 12 완결
스위트홈,김칸비 / 황영찬,금요웹툰
스쿨홀릭,신의철,2009 10 완결
스터디그룹,신형욱 / 유승연,토요웹툰
스토커,단우,2010 12 완결
스튜디오 짭쪼롬,오묘,2013 11 완결
스퍼맨,하일권,2016 03 완결
스페이스 차이나드레스,최봉수 / 원현재,2012 06 완결
스페이스 킹,박성용,2016 03 완결
스펙트럼 분석기,도국,2013 03 완결
스피릿 핑거스,한경찰,2018 09 완결
시간의 섬,이아,2014 09 완결
시노딕,현욱,2017 08 완결
시큼새큼,묘니,2013 04 완결
시타를 위하여,하가,2014 07 완결
식스센스,릴레이연재,2008 04 완결
식스틴,김인태,금요웹툰
신과함께 (재),주호민,2017 07 완결
신도림,오세형,화요웹툰
신령,이혜,2013 05 완결
신석기녀,재아 / 한가람,수요웹툰
신시의 손님,이뫄,월요웹툰
신암행어사,윤인완 / 양경일,화요웹툰
신을 죽이는 방법,나락 / 바밤,월요웹툰
신의 언어,장래혁,화요웹툰
신의 탑,SIU,월요웹툰
실질객관동화,무적핑크,2012 07 완결
실질객관영화,무적핑크,2014 05 완결
심부름센터 K,김선권,2010 12 완결
심심한 마왕,김상민,2011 11 완결
심연의 하늘 시즌 1~3,윤인완 / 김선희,2014 02 완결
심연의 하늘 시즌4,윤인완 / 김선희,2016 06 완결
심연의 하늘 시즌5,윤인완 / 김선희,2017 11 완결
심장이뛰다,백희정,2008 07 완결
싸귀2 : 퇴마록,임인스,2015 01 완결
싸우자귀신아,임인스,2010 10 완결
쌉니다 천리마마트 (재),김규삼,2017 07 완결
썸남,배철완,2016 09 완결
쎈놈,박용제,2008 07 완결
쎈놈 외전,박용제,2010 12 완결
씬커,권혁주,수요웹툰
아기낳는만화,쇼쇼,2018 01 완결
아는사람 이야기,오묘,2012 05 완결
아도나이,주동근,수요웹툰
아랫집 시누이,김진,2013 06 완결
아르마,병장,목요웹툰
아메리카노 엑소더스,박지은,2014 06 완결
아부쟁이,이익수,2012 10 완결
아빠를 찾습니다,동비,2012 12 완결
아스란영웅전,박성용,2012 08 완결
아이덴티티,시니 / 수훈,2015 01 완결
아이돌 연구소,해마 / 연제원,2016 07 완결
아이들은 즐겁다,허5파6,2013 11 완결
아이들의 권 선생님,호우,2012 06 완결
"아이소포스 1, 2부",김양수 / 도가도,2013 08 완결
아이소포스 3부,김양수 / 도가도,2016 03 완결
아일랜드 1부,윤인완 / 양경일,2016 06 완결
아일랜드 2부,윤인완 / 양경일,2016 12 완결
아테나 컴플렉스,케이사르,2018 06 완결
아프니까 병원이다,고리타,2014 11 완결
아홉수 우리들,수박양,토요웹툰
악당의 사연,랑또,2012 03 완결
악마와 계약연애,장진 / 움비,화요웹툰
악연,황준호,2009 12 완결
악의는 없다,환쟁이,2015 07 완결
악플게임,미티,2013 05 완결
안 돼요 마왕님!,마로,2014 04 완결
안나라수마나라,하일권,2010 07 완결
"안녕, 대학생",다니,수요웹툰
알게뭐야,김재한,2013 05 완결
알고있지만,정서,목요웹툰
알파,부겸,2019 06 완결
암흑도시,정뱅,2018 05 완결
야! 오이,랑또,2010 06 완결
야부리맨,미티,2017 10 완결
야채호빵의 봄방학,박수봉,2017 05 완결
약한영웅,서패스 / 김진석,화요웹툰
어글리후드,미애,토요웹툰
어빌리티,손제호 / 이광수,2016 01 완결
어서오세요.305호에,와난,2008 03 완결
언더클래스 히어로,김우준,2015 08 완결
언더프린,브림스,2009 08 완결
언덕 위의 제임스,쿠당탕,수요웹툰
언데드,김우준,2018 03 완결
언원티드,둠스,일요웹툰
언터처블,맛스타,2014 03 완결
얼룩말,자유,2012 03 완결
엄마와 딸 x2,필냉이,2014 12 완결
에이머,구동인,화요웹툰
에이틴,Playlist / LICO,2019 03 완결
에피소드메이비,정마루,2008 09 완결
에피소드칵테일,정마루,2018 09 완결
엔드리스,윤준식 / 박하연,2019 01 완결
여기가 씨름부입니까?,MU / 만화인간,금요웹툰
여신강림,야옹이,화요웹툰
여중생A,허5파6,2015 05 완결
여중생A-우리들의 축제,허5파6,2018 06 완결
여탕보고서,마일로,2014 11 완결
역전! 야매요리,정다정,2014 08 완결
연,구아바,2010 02 완결
연 시즌2,구아바,2012 08 완결
연놈,상하,수요웹툰
연애세포,김명현,2010 09 완결
연애의 정령,김호드,일요웹툰
연애학,맹물,2017 08 완결
연애혁명,232,목요웹툰
연옥님이 보고계셔,억수씨,2009 02 완결
연의 편지,조현아,2018 08 완결
열대어,실버벨,2019 01 완결
열렙전사,김세훈,일요웹툰
열무가 익어간다,박민경,2013 08 완결
열불 로맨스,홍치,토요웹툰
열쇠줍는아이,최윤진,2008 07 완결
열아홉스물하나,요한 / 김혜진,2011 01 완결
열일곱,플레이리스트,2017 07 완결
열정호구,솔뱅이,화요웹툰
영수의 봄,이윤희,2014 11 완결
영웅열공전,김진태,2011 05 완결
옆반의 인어,요엔,수요웹툰
옆집친구,이한솔,금요웹툰
옆집화랑,최남새,2012 10 완결
오!주예수여,아현,2015 06 완결
오늘 밤은 어둠이 무서워요,김진,2014 10 완결
오늘도 사랑스럽개,이혜,2019 05 완결
오늘도 핸드메이드!,소영,2016 11 완결
오늘도 형제는 평화롭다,GIMS,2017 08 완결
오늘부터 주군,박카린,2017 06 완결
오늘의 낭만부,억수씨,2013 05 완결
오늘의 순정망화,손하기,월요웹툰
오라존미,허5파6,수요웹툰
오란씨100,박민경,2011 07 완결
오렌지 마말레이드,석우,2011 03 완결
오민혁 단편선,오민혁,2016 01 완결
오빠 왔다,모나,2016 01 완결
오성X한음,유승진,2016 03 완결
오일머니,정하용 / 펜촉,목요웹툰
오즈랜드,이윤창,2014 10 완결
오직 나의 주인님,상수,월요웹툰
올해의 벚꽃도 함께,박수봉,2015 05 완결
와라! 편의점,지강민,2009 05 완결
와라편의점 the animation,와라패밀리,2010 04 완결
와일드와일드워커스,김진태,2010 05 완결
와장창창! 자취맨,폭타,2019 02 완결
와탕카,우주인,2006 12 완결
와탕카2,우주인,2008 11 완결
완벽하지 않은 키스,강기언,2018 12 완결
완벽한 허니문,화류동풍 / 옛사람,2017 06 완결
왕으로 살다,네스티캣,금요웹툰
외모지상주의,박태준,금요웹툰
요괴대전,강두식 / 장부규,월요웹툰
요리GO,HO9,2019 01 완결
요리대마왕,랑또,2011 03 완결
용비불패 완전판,류기운 / 문정후,월요웹툰
용이산다,초,토요웹툰
우렁집사,최경아,2015 06 완결
우리 오빠는 아이돌,성은,토요웹툰
우리 헤어졌어요,류채린,2014 10 완결
우리들은 푸르다,문택수,2017 06 완결
우리의 이상한 여행,최경아,2013 08 완결
우리집에 곰이 이사왔다,켄타,2018 05 완결
우바우,잇선,2016 12 완결
우연일까?,남지은 / 김인호,2011 05 완결
우월한하루,팀 겟네임,2009 01 완결
우주전함 몰라몰라,고리타,2013 06 완결
우주최강대스타,젤리피쉬 / 도힌이,토요웹툰
운빨로맨스,김달님,2014 03 완결
움비처럼,권혁주,2013 11 완결
웃지 않는 개그반 시즌1~2,현용민,2012 09 완결
웃지 않는 개그반 시즌3,현용민,2015 10 완결
웅이는 배고파,박웅,일요웹툰
원 뿔러스 원,청보리,2014 03 완결
원미동 백수,노혜정 / 풍경,2010 03 완결
원주민 공포만화,원주민,화요웹툰
원티드,럭스,2017 06 완결
월남특급,김혜원,2013 12 완결
웨스트우드 비브라토,윤인완 / 김선희,2011 03 완결
위대한 방옥숙,매미 / 희세,월요웹툰
위아더 능력자!,손하기,2012 10 완결
위장불륜 (僞裝不倫),히가시무라 아키코,화요웹툰
윈드브레이커,조용석,월요웹툰
윈터우즈,cosmos / 반지,2014 08 완결
윌유메리미,마인드C,화요웹툰
유미의 세포들,이동건,수요웹툰
유일무이 로맨스,두부,월요웹툰
유토피아,늑대삼,2012 03 완결
은주의 방,노란구미,2014 07 완결
은주의 방 2~3부,노란구미,화요웹툰
은하연인전,전광철,2011 07 완결
의령수,김우준,2010 04 완결
이것도 친구라고,제야,월요웹툰
이계 무슨 황비,전현서 / 은영,목요웹툰
"이기자, 그린",김8,2017 01 완결
이런 영웅은 싫어,삼촌,2017 09 완결
이말년 서유기,이말년,2014 01 완결
이말년씨리즈,이말년,2012 12 완결
이말년씨리즈 2018,이말년,2018 08 완결
이별만화 완성도,손경석,2015 06 완결
이상하고 아름다운,허니비,2016 01 완결
이제 곧 죽습니다,이원식 / 꿀찬,금요웹툰
이츠마인,럭스,수요웹툰
"이현세, 이두호의 지옥캠프 단편선",웹툰작가,2011 12 완결
인간의 숲 (재),황준호,2018 02 완결
인어를 위한 수영교실,용찬,일요웹툰
인챈트-나람이야기,자유,2014 08 완결
인형의 기사,신의철 / 손두락,2012 12 완결
일등당첨,미티,2014 05 완결
일렉시드,손제호 / 제나,2019 06 완결
일사부재리,김신비 / 정은,2015 06 완결
일상날개짓,나유진,2013 05 완결
일진에게 회초리,유승연,2018 05 완결
일진이 사나워,강환영 / 김현아,월요웹툰
일편단심화,심윤수,2009 09 완결
입시명문사립 정글고등학교,김규삼,2006 10 완결
잉잉잉,황준호 / 수연,2011 09 완결
자율공상축구탐구만화,조석,2012 07 완결
자취로운 생활,츄카피,수요웹툰
자판귀,윤정민,화요웹툰
잡다한컷,그림왕양치기,2017 07 완결
장미아파트 공경비,권정희 / 박병규,2013 07 완결
장씨세가 호위무사,조형근 / 김인호,월요웹툰
재앙은 미묘하게,안성호,2014 09 완결
저승에서 만난 사람들,단우 / 백희정,2015 03 완결
적생,아루아니_팀 겟네임,2015 07 완결
전설의 레전드,강냉이,2015 06 완결
전자오락수호대,가스파드,2018 09 완결
절벽귀 (재),오성대,2017 06 완결
점핑오버,조니조 / 서사야,일요웹툰
정년이,서이레 / 나몬,화요웹툰
제로,정재한 / 이나루,2008 05 완결
제로게임,즐바센,화요웹툰
제주구슬할망,"이하림,김병관 / 김병관,민숙영",2010 03 완결
제페토,연제원,2012 05 완결
조석축구만화,조석,2015 08 완결
조선왕조실톡,무적핑크,2018 11 완결
조선좀비실록,곤마,2012 11 완결
조선팔도 최강아이돌,햄쥐주먹,월요웹툰
조의 영역,조석,일요웹툰
좀비딸,이윤창,목요웹툰
좀비를 위한 나라는 없다,모래인간,2012 05 완결
좋아하는 부분,타리,목요웹툰
죄의 파편,이승찬,2013 11 완결
죽은 마법사의 도시,김칸비_팀 겟네임,2013 05 완결
죽음에 관하여 (재),시니 / 혀노,2018 02 완결
중립디자인구역,최남새,2015 01 완결
증거,이승찬,2010 08 완결
지금 우리 학교는,주동근,2009 11 완결
지금 이 순간 마법처럼,나윤희,2016 08 완결
지상 최악의 소년,정필원,2011 08 완결
지새는 달,LELE / 별솔,2015 07 완결
지옥캠프 단편선 시즌2,웹툰작가,2012 11 완결
지옥캠프 단편선 시즌3,웹툰작가,2014 01 완결
지옥캠프 단편선 시즌4,웹툰작가,2014 11 완결
지옥캠프 단편선 시즌5,웹툰작가,2015 12 완결
지옥캠프 단편선 시즌6,웹툰작가,2017 01 완결
지원,한(恨),2011 12 완결
지캠단편 2017,웹툰작가,2017 12 완결
진눈깨비 소년,쥬드프라이데이,2014 09 완결
진진돌이 에볼루션,김기정 / 윤종문,2009 06 완결
진진돌이 제로,윤종문,2013 08 완결
질풍기획 시즌1,이현민,2010 12 완결
질풍기획 시즌2,이현민,월요웹툰
집이 없어,와난,화요웹툰
징글정글,김용진,2010 02 완결
찌질의 역사,김풍 / 심윤수,2014 01 완결
차원이 다른 만화,요엔,2016 07 완결
차차차,한나,2015 06 완결
찬란하지 않아도 괜찮아,까마중,2019 03 완결
참새는 새!신부,99C / 백도,화요웹툰
참치와 돌고래,이힝,2016 04 완결
창궐,황조윤 / 윤군,화요웹툰
창위의일루젼,시우,2009 04 완결
천국의 신화,이현세,2015 12 완결
천국의 신화 6부,올댓스토리 / 이현세,2017 11 완결
천년구미호,기량,2012 01 완결
천사가 아니야,박유나 / 표류,토요웹툰
천적,꼬마비 / 재수,2015 07 완결
철벽! 연애 시뮬레이션,혜니,2015 04 완결
첩보의 별,이상신 / 국중록,2016 04 완결
첩보의 별 시즌2,이상신 / 국중록,2016 11 완결
첫사랑입니다만,산차,월요웹툰
체스아일,cid 혁군,2008 02 완결
체크포인트,송가 / 은소,2016 11 완결
초록인간,태발,2011 12 완결
최강전설 강해효,최병열,목요웹툰
출격! 반보트,TGM / 린다,2014 12 완결
취사병 전설이 되다,제이로빈 / 이진수,토요웹툰
취업의소리,"조석,워니",2008 07 완결
치즈인더트랩 (재),순끼,월요웹툰
카라멜마끼아또,김명현,2009 09 완결
카오스어택,맛스타,2011 12 완결
칼부림,고일권,수요웹툰
캉타우,신형욱 / 양경일,2019 04 완결
커넥트,신대성,수요웹툰
커피우유신화,마사토끼 / joana,2010 02 완결
컨트롤제트,미티,2016 01 완결
코끼리를 끌어안는 방법,백희정,2014 04 완결
콘스탄쯔 이야기,김민정,2012 02 완결
쿠베라,카레곰,목요웹툰
크레이지 커피 캣,엄재경 / 최경아,2008 08 완결
크레이터,태발,2014 09 완결
크리퍼스큘,밀치 / 얌치,2012 03 완결
클로즈업,현재권 / 우박,화요웹툰
키드갱,신영우,2012 02 완결
키드갱 시즌2,신영우,2012 05 완결
키스우드,안성호,2010 07 완결
킥,강냉이,2014 09 완결
킬더킹,마사토끼 / joana,목요웹툰
킬러 김빵빵,김레옹,2017 10 완결
킬러분식 (재),한(恨),일요웹툰
타인은 지옥이다,김용키,2018 04 완결
타임인조선,이윤창,2011 09 완결
타투,노지현,2006 08 완결
탈(TAL),강임,2014 01 완결
탐구생활2,메가쑈킹,2008 03 완결
탐구생활3,메가쇼킹,2009 04 완결
탐구생활4-그대와 함께 하이킹,메가쑈킹,2010 04 완결
태왕광개토,청안랑 / 김인호,2008 06 완결
터치! 메리크리스마스,웹툰작가,2014 01 완결
테러맨,한동우 / 고진호,금요웹툰
테제,김은효 / 김영지,2011 07 완결
퇴마전쟁,한(恨),2015 02 완결
투명살인,돌연변이,2012 07 완결
투명한 동거,정서,2016 05 완결
투엔티스,김명현,2013 03 완결
트라우마,곽백수,2008 04 완결
트럼프,이채은,2018 10 완결
트롤트랩,유비,목요웹툰
특수 영능력 수사반,사다함,목요웹툰
틴맘,theterm,토요웹툰
팀 피닉스,엄재경 / Ze-yAv,2015 09 완결
파도를 찾아라!,김정현,2019 05 완결
파도의 주인,이뫄,2015 06 완결
파라다이스,황미나,2015 03 완결
파리의 우리동네,이재이,목요웹툰
파우스트 인 러브,허니맨 / 손팡,2018 11 완결
판다독,판다독,2016 07 완결
판타스틱 어른백서,이동욱,2010 04 완결
판타지스케치 - 더 게임,엄재경 / 천범식,2013 08 완결
패밀리 사이즈,남지은 / 김인호,화요웹툰
패밀리맨,정필원,2009 10 완결
패션왕,기안84,2011 06 완결
퍼스트 미션,신의철,2018 08 완결
펀브로커,피터-Pen,2019 01 완결
펫다이어리,요한 / 김혜진,2008 02 완결
펫다이어리2.런,요한 / 김혜진,2010 02 완결
평범한 8반,영파카,월요웹툰
폭풍의 전학생,강냉이,2010 06 완결
폭풍의 전학생 - 리부트,강냉이,2012 01 완결
폰령,웹툰작가,2016 10 완결
푸들과 Dog거중,최삡뺩,월요웹툰
푸른사막 아아루,달꽃,수요웹툰
퓨어 이블,최훈 / 청설모,2018 02 완결
프로젝트 X,태발,2010 12 완결
프리드로우,전선욱,토요웹툰
프린세스 1~4부,한승원,2014 07 완결
프린세스 5부,한승원,2016 01 완결
프린스의 왕자,재아 / SE,2014 06 완결
프린스의 왕자 - 카페 드 쇼콜라 -,재아 / SE,2015 11 완결
플라스틱 걸,리나 / 새달,2012 07 완결
플랫다이어리,임현,월요웹툰
플로우,허니비,2013 07 완결
플루타크 영웅전,양영순,2009 08 완결
피리부는 남자,박찬호 / 차용운,2014 07 완결
피에는 피,연제원,2017 06 완결
피터팬날다,서랍천사,2010 11 완결
피플,서승준 / 손창균,월요웹툰
핑크레이디,"연우,서나",2009 02 완결
핑크레이디 클래식,"연우, 서나",2011 04 완결
하나(HANA),와난,2013 06 완결
하나의 하루,석우,목요웹툰
하늘쌤은 피곤해,hemo,월요웹툰
하드캐리,조양,목요웹툰
하루 3컷,배진수,2018 08 완결
하르모니아,YOON / JINU,금요웹툰
하우스키퍼,채용택 / 유현,화요웹툰
하이브,김규삼,2016 01 완결
하이브3,김규삼,2018 11 완결
한 살이라도 어릴 때,"김진, 서나래, 필냉이",2012 11 완결
한국만화 1990,웹툰작가,2018 05 완결
한국만화 또 다른 시선,웹툰작가,일요웹툰
한국만화거장전,한국만화가협회,2014 03 완결
한국만화거장전 : 만화보물섬,한국만화가협회,2016 11 완결
한국만화거장전 : 순정만화특집,한국만화가협회,2015 06 완결
한남동 케이하우스,박태준,목요웹툰
한번 더 해요,미티 / 구구,2016 03 완결
한섬세대,유승진,2012 08 완결
한줌물망초,혜진양,2012 05 완결
합격시켜주세용,이온,일요웹툰
합법해적 파르페,뼈피살,금요웹툰
해피,박설화,2016 06 완결
향수,석우,2008 02 완결
허니버니,소금,수요웹툰
허니허니 웨딩,문나영,일요웹툰
헬58,장성준,화요웹툰
헬로 미스터 테디,아지,2014 07 완결
헬퍼,삭,2012 01 완결
헬퍼 2 : 킬베로스,삭,수요웹툰
헬프탑,황인빈,목요웹툰
혈액형에 관한 간단한 고찰,박동선,2015 02 완결
혈투,신진우 / 박수영,2019 01 완결
혜성같은 소년,한혜연,2011 04 완결
호곡,감대,일요웹툰
호랑이형님,이상규,토요웹툰
호랭총각,강호진,일요웹툰
호러와 로맨스,루시드,목요웹툰
호러전파상,봄소희 / 김선희,일요웹툰
홍시는 날 좋아해!,강하다 / 웃는해,토요웹툰
홍차리브레,꼬모소이,2018 01 완결
화양연화 Pt.0 ＜SAVE ME＞,Big Hit Ent. / LICO,2019 04 완결
화이트멜로우,임진국,2015 02 완결
화장 지워주는 남자,이연,금요웹툰
환상적인 소년,후은,2018 03 완결
환생동물학교,엘렌 심,2017 10 완결
황금의 핸드메이커,박장고 / 김래하,2019 01 완결
황금짱순이,장현필 / 탁영호,2010 03 완결
후레자식,김칸비 / 황영찬,2014 08 완결
후유증,김선권,2012 06 완결
후유증 2,김선권,2015 09 완결
흐드러지다,연제원,2009 09 완결
히어로메이커,빤쓰,월요웹툰
힘내요 일본!-[릴레이웹툰],웹툰작가,2011 03 완결
AA,"선정, 지숙",2007 08 완결
DEY 호러채널,DEY,2017 11 완결
Doll 체인지,늉비,목요웹툰
ENT.,"박미숙 / 강은영, 박미숙",2013 12 완결
Here U Are,D JUN,수요웹툰
Ho!,억수씨,2014 12 완결
LOST,정민용,2012 02 완결
MLB카툰,최훈,2012 12 완결
MODERN BOYS,기린,2012 06 완결
MY OH,박카린,2012 05 완결
MZ,최훈 / 청설모,2017 02 완결
MZ-레이징 인페르노,최훈 / 청설모,토요웹툰
N의등대-busted,조석,2009 01 완결
N의등대-thecalling,강호진,2009 01 완결
N의등대-눈의등대,김규삼,2009 05 완결
N의등대-도망자,김선권,2009 01 완결
"OH, MY GOD!",강지영 / 현예지,2013 12 완결
Penguin loves Mev,펭귄,2018 05 완결
SM 플레이어,랑또,2013 01 완결
S라인,꼬마비/앙마비,2011 12 완결
wish-마녀의 시간,한송이,2012 07 완결
10월 28일,천정학,2018 06 완결
12차원 소년들,컷부,수요웹툰
"17살, 그 여름날의 기적",석우,2009 09 완결
1인용 기분,윤파랑,2018 09 완결
1초,시니 / 광운,금요웹툰
2011 미스테리 단편,웹툰작가,2011 09 완결
2012 지구가 멸망한다면?,웹툰작가,2012 09 완결
2013 전설의고향,웹툰작가,2013 09 완결
"2014 네이버 웹툰, 왓 이프?",웹툰작가,2014 09 완결
2015 사이,웹툰작가,2016 01 완결
2015 소름,웹툰작가,2015 09 완결
2015 우주특집 단편,웹툰작가,2015 02 완결
2016 비명,웹툰작가,2016 09 완결
2016 학교 다녀오겠습니다,웹툰작가,2016 05 완결
2017 멋진 신세계,웹툰작가,2017 10 완결
2017 사이다를 부탁해!,웹툰작가,2017 03 완결
2018 루키 단편선-지옥캠프,웹툰작가,2018 11 완결
2018 재생금지,웹툰작가,2018 09 완결
2019 병영일기,웹툰작가,2019 03 완결
203호 저승사자,샤니,수요웹툰
27-10,AJS,일요웹툰
2D남친 별책부록,웹툰작가,2019 01 완결
2인용 인간,WONDER,토요웹툰
2호선 세입자,정은경 / 여원,2015 02 완결
35cm,홍가,2019 03 완결
3P,김우준,2016 01 완결
3단합체김창남,하일권,2008 08 완결
3인칭,꼬마비 / 애마비,2016 07 완결
5kg을 위하여,수오수 / 홍끼,목요웹툰
8월의 눈보라,김리아,일요웹툰
